"x","y"
0,-0.0597759229296661
0.001001001001001,0.0946847498435193
0.002002002002002,-0.0695361175640598
0.003003003003003,0.169106391256145
0.004004004004004,-0.00308693048665303
0.005005005005005,0.147268435329197
0.00600600600600601,0.160703154926158
0.00700700700700701,0.252829929688632
0.00800800800800801,0.0507690289089053
0.00900900900900901,0.123302302847859
0.01001001001001,0.0703344585147855
0.011011011011011,0.0043536739025781
0.012012012012012,0.162609767468182
0.013013013013013,0.00426398598107297
0.014014014014014,0.127584937775196
0.015015015015015,0.274516945535291
0.016016016016016,0.170141185029858
0.017017017017017,0.193789854293805
0.018018018018018,0.202445539991298
0.019019019019019,0.246629490264932
0.02002002002002,0.20168782530291
0.021021021021021,0.205085297769024
0.022022022022022,0.306895069695819
0.023023023023023,0.255494735226795
0.024024024024024,0.298688390976175
0.025025025025025,0.401579125109415
0.026026026026026,0.152526375013812
0.027027027027027,0.189202618807157
0.028028028028028,0.19164945982467
0.029029029029029,0.147817687816151
0.03003003003003,0.235807028437147
0.031031031031031,0.17613014312165
0.032032032032032,0.228049044449981
0.033033033033033,0.321465441967231
0.034034034034034,0.367021012733784
0.035035035035035,0.231807361966367
0.036036036036036,0.22107921931143
0.037037037037037,0.365708905804585
0.038038038038038,0.334176139140127
0.039039039039039,0.351616155944209
0.04004004004004,0.458608563311446
0.041041041041041,0.380015377481427
0.042042042042042,0.447435837718949
0.043043043043043,0.460410354494216
0.044044044044044,0.606846992683717
0.045045045045045,0.485640321638965
0.046046046046046,0.298727355441473
0.047047047047047,0.521705625093144
0.048048048048048,0.542363114014139
0.049049049049049,0.232051550042134
0.05005005005005,0.559135828495267
0.0510510510510511,0.41646456866735
0.0520520520520521,0.364398011082434
0.0530530530530531,0.49589533930646
0.0540540540540541,0.657598460450342
0.0550550550550551,0.53988373097946
0.0560560560560561,0.593634616429996
0.0570570570570571,0.644932742503299
0.0580580580580581,0.542759705116534
0.0590590590590591,0.703189694157749
0.0600600600600601,0.579406316853023
0.0610610610610611,0.558198836965509
0.0620620620620621,0.52033115974816
0.0630630630630631,0.573405753428852
0.0640640640640641,0.474882549945983
0.0650650650650651,0.628837708149003
0.0660660660660661,0.734884640208287
0.0670670670670671,0.549611851736601
0.0680680680680681,0.713913382487933
0.0690690690690691,0.52640048428415
0.0700700700700701,0.561668020454879
0.0710710710710711,0.556104396461276
0.0720720720720721,0.689955587110773
0.0730730730730731,0.496435571494357
0.0740740740740741,0.631282388568305
0.0750750750750751,0.647218900490924
0.0760760760760761,0.659060865187603
0.0770770770770771,0.725633592117249
0.0780780780780781,0.792977994212004
0.0790790790790791,0.609864663148598
0.0800800800800801,0.648245860853772
0.0810810810810811,0.815843561495581
0.0820820820820821,0.629119648145661
0.0830830830830831,0.686049885663093
0.0840840840840841,0.686354541410524
0.0850850850850851,0.847547063441148
0.0860860860860861,0.619669945584499
0.0870870870870871,0.636810062356253
0.0880880880880881,0.884880760525525
0.0890890890890891,0.921288592944442
0.0900900900900901,0.843030142003578
0.0910910910910911,0.988024642870093
0.0920920920920921,0.803077811345917
0.0930930930930931,0.811493705622892
0.0940940940940941,0.814720988530684
0.0950950950950951,0.832882550322214
0.0960960960960961,0.985190885981197
0.0970970970970971,0.753750765754116
0.0980980980980981,0.987145926544597
0.0990990990990991,0.931082699358047
0.1001001001001,0.868165427693052
0.101101101101101,0.747023500426368
0.102102102102102,0.922296598200428
0.103103103103103,0.988188213572515
0.104104104104104,0.932073121423946
0.105105105105105,0.978788355036219
0.106106106106106,0.932161956756567
0.107107107107107,0.866155869380818
0.108108108108108,0.90026100280856
0.109109109109109,0.87448379952375
0.11011011011011,0.990452807003471
0.111111111111111,1.18934626363395
0.112112112112112,1.01091602380717
0.113113113113113,1.06911305153068
0.114114114114114,0.997375644783181
0.115115115115115,0.884320131697502
0.116116116116116,1.1509320777688
0.117117117117117,0.921226898936074
0.118118118118118,1.13648647835438
0.119119119119119,0.929409922892771
0.12012012012012,1.09488766536823
0.121121121121121,1.07371184588562
0.122122122122122,0.949297575275781
0.123123123123123,0.995663163523097
0.124124124124124,1.19213305511048
0.125125125125125,1.1582073445664
0.126126126126126,1.29619876895632
0.127127127127127,1.09454857692262
0.128128128128128,1.20392887253727
0.129129129129129,1.26034927919479
0.13013013013013,1.12105066804063
0.131131131131131,1.14375389261281
0.132132132132132,1.13967228176481
0.133133133133133,1.16534587756981
0.134134134134134,1.13184990939225
0.135135135135135,1.10622413531164
0.136136136136136,1.15199601125043
0.137137137137137,1.19567915179615
0.138138138138138,1.1566660830828
0.139139139139139,1.19352287351091
0.14014014014014,1.25535158336845
0.141141141141141,1.15656240339983
0.142142142142142,1.33562273260632
0.143143143143143,1.26170196063458
0.144144144144144,1.06690831229048
0.145145145145145,1.28531764682775
0.146146146146146,1.33449918545198
0.147147147147147,1.31296749399727
0.148148148148148,1.1938823133056
0.149149149149149,1.31042092652608
0.15015015015015,1.41804913835395
0.151151151151151,1.35524595946776
0.152152152152152,1.28925685227399
0.153153153153153,1.23817772768337
0.154154154154154,1.20229196011061
0.155155155155155,1.20377876466008
0.156156156156156,1.5163298503909
0.157157157157157,1.32727685087982
0.158158158158158,1.23130055958046
0.159159159159159,1.5490497369243
0.16016016016016,1.3036432541749
0.161161161161161,1.4732981755904
0.162162162162162,1.47161382341788
0.163163163163163,1.3718971475336
0.164164164164164,1.52294435363267
0.165165165165165,1.43655242349736
0.166166166166166,1.40299657610663
0.167167167167167,1.47081429764554
0.168168168168168,1.5536027661538
0.169169169169169,1.44803462360169
0.17017017017017,1.58085409759178
0.171171171171171,1.53011621752
0.172172172172172,1.41952574153909
0.173173173173173,1.45565621498466
0.174174174174174,1.49784015179153
0.175175175175175,1.39084479567444
0.176176176176176,1.70221418599105
0.177177177177177,1.5193744055317
0.178178178178178,1.37786377376538
0.179179179179179,1.479893769997
0.18018018018018,1.29885739009382
0.181181181181181,1.52172950322557
0.182182182182182,1.53592634826038
0.183183183183183,1.51213561165493
0.184184184184184,1.39550331603265
0.185185185185185,1.32786759856388
0.186186186186186,1.56525634085791
0.187187187187187,1.60747769851013
0.188188188188188,1.54116380399927
0.189189189189189,1.63255765140866
0.19019019019019,1.33950161299239
0.191191191191191,1.65192474144767
0.192192192192192,1.44821423990605
0.193193193193193,1.49165458091272
0.194194194194194,1.53142414607865
0.195195195195195,1.53413237577077
0.196196196196196,1.59596484457373
0.197197197197197,1.35572216109222
0.198198198198198,1.72517390060748
0.199199199199199,1.52839537135471
0.2002002002002,1.8039527793648
0.201201201201201,1.47999411229391
0.202202202202202,1.54057985781867
0.203203203203203,1.70124488471827
0.204204204204204,1.51615577977714
0.205205205205205,1.56090558554846
0.206206206206206,1.67558225183643
0.207207207207207,1.94491078689337
0.208208208208208,1.44420167461003
0.209209209209209,1.7567099157115
0.21021021021021,1.48664386297404
0.211211211211211,1.63563108115056
0.212212212212212,1.67516109335933
0.213213213213213,1.63779889534747
0.214214214214214,1.69091364233684
0.215215215215215,1.69644011631056
0.216216216216216,1.57331256310226
0.217217217217217,1.69024128673728
0.218218218218218,1.78778666419588
0.219219219219219,1.63532372646311
0.22022022022022,1.61319832946409
0.221221221221221,1.77558839460058
0.222222222222222,1.62038243899374
0.223223223223223,1.78735228530802
0.224224224224224,1.69039977626984
0.225225225225225,1.67656898198796
0.226226226226226,1.89481934503983
0.227227227227227,1.80109456457279
0.228228228228228,1.77460030090827
0.229229229229229,1.75044964938186
0.23023023023023,1.65366636524443
0.231231231231231,1.91986228400837
0.232232232232232,1.77015890959395
0.233233233233233,1.90933123856773
0.234234234234234,1.73246350310424
0.235235235235235,1.87545686987173
0.236236236236236,1.84120561307609
0.237237237237237,1.7998837242487
0.238238238238238,1.81160878616677
0.239239239239239,1.79105561513126
0.24024024024024,1.97058703477734
0.241241241241241,1.93650494610044
0.242242242242242,1.74478827749065
0.243243243243243,1.92886609406315
0.244244244244244,1.90153923313602
0.245245245245245,1.68891074462979
0.246246246246246,1.75511716951914
0.247247247247247,1.97225964671229
0.248248248248248,1.98745649306032
0.249249249249249,1.87467635418617
0.25025025025025,1.86503725332549
0.251251251251251,1.96026989899185
0.252252252252252,1.88324168972363
0.253253253253253,1.82554324084967
0.254254254254254,1.91874525281758
0.255255255255255,2.20787354161445
0.256256256256256,1.93014884386238
0.257257257257257,1.98529799478855
0.258258258258258,1.93954943552388
0.259259259259259,1.86599283511584
0.26026026026026,2.10787346502887
0.261261261261261,2.11947964284184
0.262262262262262,1.98219238019658
0.263263263263263,2.06153734577313
0.264264264264264,1.72591315178551
0.265265265265265,2.12232866181844
0.266266266266266,2.26255471231268
0.267267267267267,1.84883211960883
0.268268268268268,1.96548512890935
0.269269269269269,2.00623490385883
0.27027027027027,1.87606902700548
0.271271271271271,1.98498869669533
0.272272272272272,1.81277554395389
0.273273273273273,1.86518839379831
0.274274274274274,1.88929405889141
0.275275275275275,1.87813647929324
0.276276276276276,1.8658679096041
0.277277277277277,2.07168889893834
0.278278278278278,2.04116842243716
0.279279279279279,2.06572526312673
0.28028028028028,1.90806717094074
0.281281281281281,2.06969832001971
0.282282282282282,1.90488089484213
0.283283283283283,1.85784418373034
0.284284284284284,1.99152610443569
0.285285285285285,2.06257926517022
0.286286286286286,2.22284367691222
0.287287287287287,2.06023924379128
0.288288288288288,2.14386107696725
0.289289289289289,2.13851098606374
0.29029029029029,2.16916940257192
0.291291291291291,2.03210545032743
0.292292292292292,1.70694657373922
0.293293293293293,1.86965937697524
0.294294294294294,2.16369811672705
0.295295295295295,2.09891648874219
0.296296296296296,2.14277156081721
0.297297297297297,2.28986462152835
0.298298298298298,2.06618033082803
0.299299299299299,2.04067830159448
0.3003003003003,2.00395877711389
0.301301301301301,2.24087495729475
0.302302302302302,2.16337615270753
0.303303303303303,2.2390019644362
0.304304304304304,2.2322183930873
0.305305305305305,2.13617600793345
0.306306306306306,2.1748295411133
0.307307307307307,1.97381579646476
0.308308308308308,2.11007104121989
0.309309309309309,2.17532341341538
0.31031031031031,2.1785298251868
0.311311311311311,2.15373805278305
0.312312312312312,2.11572939769906
0.313313313313313,2.1397505044584
0.314314314314314,2.27456957145784
0.315315315315315,2.19354924739988
0.316316316316316,2.10981096542931
0.317317317317317,1.9229590993453
0.318318318318318,2.14768310038962
0.319319319319319,2.17545109577181
0.32032032032032,2.0655231977944
0.321321321321321,2.23507878969395
0.322322322322322,2.04543976834263
0.323323323323323,2.22245957477985
0.324324324324324,2.21636689015701
0.325325325325325,2.18089595250764
0.326326326326326,2.24402660493846
0.327327327327327,2.26502188206816
0.328328328328328,2.27680181981057
0.329329329329329,2.10789810059689
0.33033033033033,2.17556461257541
0.331331331331331,2.09547566817853
0.332332332332332,2.31801461508947
0.333333333333333,2.05343468928917
0.334334334334334,2.36403790642603
0.335335335335335,2.30454657746336
0.336336336336336,2.31642802825843
0.337337337337337,2.27638106841181
0.338338338338338,2.2233335086763
0.339339339339339,2.26090765243367
0.34034034034034,2.37684431146108
0.341341341341341,2.22884170343838
0.342342342342342,2.30384435715021
0.343343343343343,2.30378710052069
0.344344344344344,2.22712144535672
0.345345345345345,2.20600510864123
0.346346346346346,2.12214531700595
0.347347347347347,2.24372138337704
0.348348348348348,2.33820385826601
0.349349349349349,2.29047935857934
0.35035035035035,2.21483553455795
0.351351351351351,2.09130804738932
0.352352352352352,2.36418827736268
0.353353353353353,2.26330048593716
0.354354354354354,2.2378138376991
0.355355355355355,2.25863936570525
0.356356356356356,2.46245884692827
0.357357357357357,2.21479152229337
0.358358358358358,2.33865429361717
0.359359359359359,2.25848486316097
0.36036036036036,2.34495632693242
0.361361361361361,2.44419936804887
0.362362362362362,2.29775851911724
0.363363363363363,2.48413182746191
0.364364364364364,2.45953437843086
0.365365365365365,2.24694663482567
0.366366366366366,2.55533862703762
0.367367367367367,2.5224806008232
0.368368368368368,2.12690405463553
0.369369369369369,2.29588317687823
0.37037037037037,2.41933786292366
0.371371371371371,2.30678017735148
0.372372372372372,2.32887232897744
0.373373373373373,2.23712674433761
0.374374374374374,2.41486100324236
0.375375375375375,2.25375684415367
0.376376376376376,2.44336695770474
0.377377377377377,2.48022199471014
0.378378378378378,2.47510675713859
0.379379379379379,2.5624577464501
0.38038038038038,2.30297748233412
0.381381381381381,2.40051414979824
0.382382382382382,2.36985276530364
0.383383383383383,2.23147943790562
0.384384384384384,2.49212734350291
0.385385385385385,2.40325708207649
0.386386386386386,2.26947917660663
0.387387387387387,2.54173670208516
0.388388388388388,2.3482999828475
0.389389389389389,2.35742502343341
0.39039039039039,2.24137623025839
0.391391391391391,2.48079472528895
0.392392392392392,2.2176134825901
0.393393393393393,2.34688689989441
0.394394394394394,2.45132670354788
0.395395395395395,2.56983761705388
0.396396396396396,2.36561840730484
0.397397397397397,2.26110368666455
0.398398398398398,2.35477418086409
0.399399399399399,2.29927221040716
0.4004004004004,2.28617738612716
0.401401401401401,2.45960700350843
0.402402402402402,2.57734139975372
0.403403403403403,2.46483078711089
0.404404404404404,2.60156946372804
0.405405405405405,2.34889680812289
0.406406406406406,2.32793709963703
0.407407407407407,2.49651324437962
0.408408408408408,2.37802920438146
0.409409409409409,2.31326567651333
0.41041041041041,2.51497824064335
0.411411411411411,2.43074217345184
0.412412412412412,2.42370358347674
0.413413413413413,2.48220031670982
0.414414414414414,2.51226168878805
0.415415415415415,2.42019917467871
0.416416416416416,2.34357838583695
0.417417417417417,2.55718274314111
0.418418418418418,2.46765318823235
0.419419419419419,2.57938036003721
0.42042042042042,2.4459767652685
0.421421421421421,2.40097887997721
0.422422422422422,2.22078244636054
0.423423423423423,2.50292767851252
0.424424424424424,2.47830813211347
0.425425425425425,2.40827534535036
0.426426426426426,2.60560817706427
0.427427427427427,2.50236268475693
0.428428428428428,2.5621574692884
0.429429429429429,2.40030322809045
0.43043043043043,2.40668678462895
0.431431431431431,2.52213049385908
0.432432432432432,2.42138028557086
0.433433433433433,2.43926020819354
0.434434434434434,2.50526600654138
0.435435435435435,2.46584832255368
0.436436436436436,2.54816527409253
0.437437437437437,2.42777805492802
0.438438438438438,2.43574800342049
0.439439439439439,2.38226201444689
0.44044044044044,2.35406258505708
0.441441441441441,2.46397767893927
0.442442442442442,2.44298685754841
0.443443443443443,2.61603873534029
0.444444444444444,2.39324463640633
0.445445445445445,2.58555676990919
0.446446446446446,2.41994009716298
0.447447447447447,2.42135669128756
0.448448448448448,2.54073446038375
0.449449449449449,2.53748004493204
0.45045045045045,2.32713043213636
0.451451451451451,2.27262004503485
0.452452452452452,2.63691920005239
0.453453453453453,2.38893786186878
0.454454454454454,2.41622165126124
0.455455455455455,2.42508039546814
0.456456456456456,2.54154649863446
0.457457457457457,2.55688454787122
0.458458458458458,2.49894691809852
0.459459459459459,2.35150081555159
0.46046046046046,2.45959072002522
0.461461461461461,2.61870651136871
0.462462462462462,2.41113933586498
0.463463463463463,2.49520067502743
0.464464464464464,2.65123225864237
0.465465465465465,2.51519701621743
0.466466466466466,2.38265375313134
0.467467467467467,2.34583391864922
0.468468468468468,2.50960596866766
0.469469469469469,2.68724349872182
0.47047047047047,2.57218651903195
0.471471471471471,2.50894962440082
0.472472472472472,2.39675503830574
0.473473473473473,2.41523545629251
0.474474474474474,2.57771712162513
0.475475475475475,2.46869692072255
0.476476476476476,2.55557594345252
0.477477477477477,2.47854312142778
0.478478478478478,2.52371467592417
0.479479479479479,2.47025047629246
0.48048048048048,2.37839311121483
0.481481481481481,2.47621461847741
0.482482482482482,2.60874718574014
0.483483483483483,2.6455251972806
0.484484484484485,2.73348380750787
0.485485485485485,2.38158873184988
0.486486486486486,2.63788870330796
0.487487487487487,2.67955347784184
0.488488488488488,2.48163223811957
0.48948948948949,2.53292809841919
0.49049049049049,2.67866164283155
0.491491491491491,2.44275588250429
0.492492492492492,2.40508699360653
0.493493493493493,2.57182031696177
0.494494494494495,2.28869542934957
0.495495495495495,2.43205437837723
0.496496496496497,2.45577993455565
0.497497497497497,2.53822571251741
0.498498498498498,2.57688621282484
0.4994994994995,2.43191851961626
0.500500500500501,2.38920029935681
0.501501501501502,2.63301084555292
0.502502502502503,2.36413358198418
0.503503503503503,2.46603824068473
0.504504504504504,2.53303833467268
0.505505505505506,2.44826949509396
0.506506506506507,2.452885381533
0.507507507507508,2.34288134809715
0.508508508508508,2.49518361462239
0.509509509509509,2.47466672719159
0.510510510510511,2.46137861065854
0.511511511511512,2.60738294824674
0.512512512512513,2.51389928729693
0.513513513513513,2.45506768836807
0.514514514514514,2.49084515498674
0.515515515515516,2.58553143628166
0.516516516516517,2.52207736521509
0.517517517517518,2.42590730110956
0.518518518518518,2.63976727239608
0.519519519519519,2.49353622201545
0.520520520520521,2.45688962500861
0.521521521521522,2.54548747627467
0.522522522522523,2.39613310781274
0.523523523523523,2.67556846790138
0.524524524524524,2.45998555370813
0.525525525525526,2.40819998911426
0.526526526526527,2.66648040957117
0.527527527527528,2.53931158259573
0.528528528528528,2.42401101918762
0.529529529529529,2.59196423101096
0.530530530530531,2.56906403957663
0.531531531531532,2.45394020365226
0.532532532532533,2.4641740829771
0.533533533533533,2.5375434118666
0.534534534534534,2.71763368661611
0.535535535535536,2.61303047345309
0.536536536536537,2.55692628044967
0.537537537537538,2.2849347599774
0.538538538538539,2.5878904256042
0.539539539539539,2.46582965431527
0.540540540540541,2.45680182273461
0.541541541541542,2.53393440369013
0.542542542542543,2.63813563487712
0.543543543543544,2.44779855907034
0.544544544544544,2.39278787196432
0.545545545545546,2.55151386483899
0.546546546546547,2.60573925234753
0.547547547547548,2.51832977360686
0.548548548548549,2.57129120927942
0.54954954954955,2.54365544863135
0.550550550550551,2.58936087395979
0.551551551551552,2.46172659359122
0.552552552552553,2.25009231010436
0.553553553553554,2.61086214763439
0.554554554554555,2.30051062309229
0.555555555555556,2.39969200622944
0.556556556556557,2.4044254691456
0.557557557557558,2.6092670942533
0.558558558558559,2.21185417902894
0.55955955955956,2.58517729210709
0.560560560560561,2.53302649948206
0.561561561561562,2.65017763099346
0.562562562562563,2.59178619995269
0.563563563563564,2.47757864039081
0.564564564564565,2.45215255648677
0.565565565565566,2.35562456389982
0.566566566566567,2.41306849037641
0.567567567567568,2.38521524703776
0.568568568568569,2.40818341084499
0.56956956956957,2.3634890996615
0.570570570570571,2.61257256613414
0.571571571571572,2.5098572831628
0.572572572572573,2.58149751873644
0.573573573573574,2.32666505845744
0.574574574574575,2.37684152272228
0.575575575575576,2.49166916727214
0.576576576576577,2.45687669338434
0.577577577577578,2.42017804932244
0.578578578578579,2.43699227845195
0.57957957957958,2.56753125263955
0.580580580580581,2.37173219186773
0.581581581581582,2.35626931748081
0.582582582582583,2.63651461824721
0.583583583583584,2.43417018709862
0.584584584584585,2.30745755902305
0.585585585585586,2.46959474184583
0.586586586586587,2.44939439975333
0.587587587587588,2.48897856773249
0.588588588588589,2.41268123622548
0.58958958958959,2.30320611239278
0.590590590590591,2.51755019666066
0.591591591591592,2.40896700335965
0.592592592592593,2.33331730299273
0.593593593593594,2.287061767788
0.594594594594595,2.31772731065442
0.595595595595596,2.57857394975148
0.596596596596597,2.25517114865839
0.597597597597598,2.51853084534778
0.598598598598599,2.3427110979412
0.5995995995996,2.60810697527504
0.600600600600601,2.54289659808806
0.601601601601602,2.39005286797245
0.602602602602603,2.51734461971859
0.603603603603604,2.22473890808511
0.604604604604605,2.6243093077498
0.605605605605606,2.26107684137475
0.606606606606607,2.50637985759937
0.607607607607608,2.30367320910418
0.608608608608609,2.36829908205932
0.60960960960961,2.22573589239387
0.610610610610611,2.28387946942439
0.611611611611612,2.36150010167567
0.612612612612613,2.28185063290639
0.613613613613614,2.23780112991695
0.614614614614615,2.44804912607822
0.615615615615616,2.32061503574026
0.616616616616617,2.37672624628339
0.617617617617618,2.46146115892132
0.618618618618619,2.37430662133744
0.61961961961962,2.33753303569136
0.620620620620621,2.26117473022175
0.621621621621622,2.40271378526023
0.622622622622623,2.3242680629688
0.623623623623624,2.5058974173119
0.624624624624625,2.53556938442658
0.625625625625626,2.32381211110429
0.626626626626627,2.32825891030816
0.627627627627628,2.34187480322256
0.628628628628629,2.17640917610844
0.62962962962963,2.4505292268275
0.630630630630631,2.0761684581277
0.631631631631632,2.31779890284969
0.632632632632633,2.29077783449553
0.633633633633634,2.2553931502831
0.634634634634635,2.5725056606276
0.635635635635636,2.42182125273989
0.636636636636637,2.33990659964279
0.637637637637638,2.43408240533106
0.638638638638639,2.27788701649115
0.63963963963964,2.43459203495969
0.640640640640641,2.49608461514272
0.641641641641642,2.27295146485972
0.642642642642643,2.42946929593061
0.643643643643644,2.44683453353005
0.644644644644645,2.30884970518314
0.645645645645646,2.20189778376736
0.646646646646647,2.31530395864781
0.647647647647648,2.26258863258554
0.648648648648649,2.20429492114646
0.64964964964965,2.27557960762162
0.650650650650651,2.25125191739939
0.651651651651652,2.35086630372868
0.652652652652653,2.34262952615625
0.653653653653654,2.41297120934749
0.654654654654655,2.30120421421127
0.655655655655656,2.44181672954611
0.656656656656657,2.12420869210731
0.657657657657658,2.0048313129498
0.658658658658659,2.15447017500118
0.65965965965966,2.40823740120025
0.660660660660661,2.38050621075333
0.661661661661662,2.16903113421204
0.662662662662663,2.15197392943192
0.663663663663664,2.17378996041828
0.664664664664665,2.18457748403568
0.665665665665666,2.06474222045086
0.666666666666667,2.16937503560154
0.667667667667668,2.35659700880892
0.668668668668669,2.23821934176778
0.66966966966967,2.1955662700795
0.670670670670671,2.29489152277339
0.671671671671672,2.1373726390884
0.672672672672673,2.11618262694044
0.673673673673674,2.07449059356333
0.674674674674675,2.2865114524751
0.675675675675676,2.43867689152729
0.676676676676677,2.22279157472264
0.677677677677678,2.23047285357193
0.678678678678679,2.26837225353632
0.67967967967968,2.19087212124685
0.680680680680681,2.1780315250335
0.681681681681682,2.04321576818825
0.682682682682683,2.05621515980769
0.683683683683684,2.08060042456593
0.684684684684685,2.13469407331138
0.685685685685686,2.24662431589443
0.686686686686687,2.06117144564706
0.687687687687688,2.27415949897178
0.688688688688689,2.24630135429077
0.68968968968969,2.15510372757076
0.690690690690691,2.24182618932398
0.691691691691692,2.19302296214085
0.692692692692693,2.08327230139144
0.693693693693694,2.16180752266341
0.694694694694695,1.98372756897454
0.695695695695696,2.12638768240048
0.696696696696697,2.09603168968105
0.697697697697698,2.11193975666731
0.698698698698699,2.00205709596941
0.6996996996997,2.22990251582778
0.700700700700701,2.04152309931294
0.701701701701702,2.18640040764495
0.702702702702703,2.07319908087287
0.703703703703704,2.19525140552737
0.704704704704705,1.93473702925233
0.705705705705706,2.36224764007362
0.706706706706707,2.03351681318825
0.707707707707708,2.13818875645743
0.708708708708709,2.11441821010092
0.70970970970971,1.97121093388955
0.710710710710711,1.886471921354
0.711711711711712,2.12518788151107
0.712712712712713,2.11501036103769
0.713713713713714,1.97945978363758
0.714714714714715,1.97435790852152
0.715715715715716,2.09183231259875
0.716716716716717,2.15972625690145
0.717717717717718,1.97538029631683
0.718718718718719,1.87973122121377
0.71971971971972,1.90259585264121
0.720720720720721,1.94263271774732
0.721721721721722,1.96651196074077
0.722722722722723,2.13831251351801
0.723723723723724,1.87615090276267
0.724724724724725,2.04134648910838
0.725725725725726,2.21470328435018
0.726726726726727,2.1014396759067
0.727727727727728,1.85303134057251
0.728728728728729,1.97584034608296
0.72972972972973,2.02380348875974
0.730730730730731,2.05663359825322
0.731731731731732,1.92035807709484
0.732732732732733,1.86819179235962
0.733733733733734,1.91092423136837
0.734734734734735,2.00083150078881
0.735735735735736,1.88717724077029
0.736736736736737,1.88281765742363
0.737737737737738,2.12107402639174
0.738738738738739,1.91233764636604
0.73973973973974,1.81297524916191
0.740740740740741,1.93998858718482
0.741741741741742,1.75338301406891
0.742742742742743,1.83553123617379
0.743743743743744,1.88408067773798
0.744744744744745,1.91665611700396
0.745745745745746,1.86254834059847
0.746746746746747,1.99564809587604
0.747747747747748,1.94579530540351
0.748748748748749,1.84363513026672
0.74974974974975,1.82762480009906
0.750750750750751,1.85019899402093
0.751751751751752,1.86799644034096
0.752752752752753,2.00370542256252
0.753753753753754,1.92626201356697
0.754754754754755,1.87596620289529
0.755755755755756,1.93856503245744
0.756756756756757,1.86286993343407
0.757757757757758,2.03072279828198
0.758758758758759,1.88063377080238
0.75975975975976,1.85260206661158
0.760760760760761,1.70388492169503
0.761761761761762,1.90397652294223
0.762762762762763,1.7249082162453
0.763763763763764,1.94540632804237
0.764764764764765,1.87869749381969
0.765765765765766,1.67690375297319
0.766766766766767,1.73929396700818
0.767767767767768,1.65874296033237
0.768768768768769,1.71594729363422
0.76976976976977,1.75370852596917
0.770770770770771,1.73302562771364
0.771771771771772,1.83863237414998
0.772772772772773,1.69764445973369
0.773773773773774,1.69364247958308
0.774774774774775,1.72682944137173
0.775775775775776,1.74563063135698
0.776776776776777,1.71413186676464
0.777777777777778,1.78462974518437
0.778778778778779,1.70384188620505
0.77977977977978,1.74178538899021
0.780780780780781,1.72024518190318
0.781781781781782,1.66401273009967
0.782782782782783,1.76936147883402
0.783783783783784,1.77220134461745
0.784784784784785,1.62032720369543
0.785785785785786,1.61812239472919
0.786786786786787,1.5838800929398
0.787787787787788,1.55799093513082
0.788788788788789,1.58342422597165
0.78978978978979,1.65097218226977
0.790790790790791,1.4847765849048
0.791791791791792,1.74854345447047
0.792792792792793,1.53647073690053
0.793793793793794,1.72936902662481
0.794794794794795,1.72633575180901
0.795795795795796,1.60619344597374
0.796796796796797,1.73426415648975
0.797797797797798,1.62934830750368
0.798798798798799,1.78184030442378
0.7997997997998,1.48401786589001
0.800800800800801,1.56117327772193
0.801801801801802,1.60080707327627
0.802802802802803,1.56730457832938
0.803803803803804,1.6040859279306
0.804804804804805,1.50602589168424
0.805805805805806,1.58839341523587
0.806806806806807,1.3417060768033
0.807807807807808,1.50258158958564
0.808808808808809,1.40696818018083
0.80980980980981,1.69612526640793
0.810810810810811,1.54579961282115
0.811811811811812,1.39822650449146
0.812812812812813,1.70258490695331
0.813813813813814,1.46739994672347
0.814814814814815,1.35304457964595
0.815815815815816,1.49304472533195
0.816816816816817,1.51612447742443
0.817817817817818,1.41707282374047
0.818818818818819,1.44383448142841
0.81981981981982,1.54061105624923
0.820820820820821,1.45168790654694
0.821821821821822,1.59947503174543
0.822822822822823,1.33643689771046
0.823823823823824,1.39944294301469
0.824824824824825,1.56164997879616
0.825825825825826,1.26625381759417
0.826826826826827,1.64717022140564
0.827827827827828,1.46677414030329
0.828828828828829,1.24749697339244
0.82982982982983,1.33416114756494
0.830830830830831,1.5509274599549
0.831831831831832,1.13261706704835
0.832832832832833,1.38704819076113
0.833833833833834,1.42749429397593
0.834834834834835,1.40125061181575
0.835835835835836,1.35991146987392
0.836836836836837,1.24905423523126
0.837837837837838,1.47337396771713
0.838838838838839,1.24996747924037
0.83983983983984,1.28008770947073
0.840840840840841,1.38467940134578
0.841841841841842,1.29109305699782
0.842842842842843,1.11787337812362
0.843843843843844,1.38949662727863
0.844844844844845,1.3228919202323
0.845845845845846,1.38518446803338
0.846846846846847,1.19214758079841
0.847847847847848,1.17160644884113
0.848848848848849,1.33800844008666
0.84984984984985,1.35058968993617
0.850850850850851,1.24769084559078
0.851851851851852,1.38420276683702
0.852852852852853,1.23292239684923
0.853853853853854,1.16309978846774
0.854854854854855,1.18905652487412
0.855855855855856,1.19386710760922
0.856856856856857,1.25564088966916
0.857857857857858,1.2394077005298
0.858858858858859,1.23916313174322
0.85985985985986,1.03061565047222
0.860860860860861,1.18658052189206
0.861861861861862,1.34204897092798
0.862862862862863,1.09600393794169
0.863863863863864,1.20752693970432
0.864864864864865,1.21199228533572
0.865865865865866,1.01684654539663
0.866866866866867,1.06814842698533
0.867867867867868,1.17769570446755
0.868868868868869,1.11618682594885
0.86986986986987,1.13013599504254
0.870870870870871,1.13981385337753
0.871871871871872,1.1181429441912
0.872872872872873,1.09878049008298
0.873873873873874,1.05332286909288
0.874874874874875,1.16903447840953
0.875875875875876,1.05731239276685
0.876876876876877,1.17737909535505
0.877877877877878,1.05156109288743
0.878878878878879,0.95962966846323
0.87987987987988,1.10416507394907
0.880880880880881,1.0239767103474
0.881881881881882,1.07539978047654
0.882882882882883,1.01346893219474
0.883883883883884,1.00712328672871
0.884884884884885,1.06651967324891
0.885885885885886,1.00997042109683
0.886886886886887,1.15910828774366
0.887887887887888,1.29797529355102
0.888888888888889,0.934928353555281
0.88988988988989,1.04575003317117
0.890890890890891,0.751637253603076
0.891891891891892,1.01569112692781
0.892892892892893,0.812601506240263
0.893893893893894,0.86295415653873
0.894894894894895,1.07255540604803
0.895895895895896,1.17316267335664
0.896896896896897,0.97200344160577
0.897897897897898,0.997994100129831
0.898898898898899,1.07359113717576
0.8998998998999,0.811841130633981
0.900900900900901,0.862882374400665
0.901901901901902,1.01019543873906
0.902902902902903,0.785178281038895
0.903903903903904,0.790547545575618
0.904904904904905,1.00812197061297
0.905905905905906,0.800219109369901
0.906906906906907,0.871213676045134
0.907907907907908,0.727220047496148
0.908908908908909,0.888830158525754
0.90990990990991,0.80563672043298
0.910910910910911,0.893197016533168
0.911911911911912,0.893720526386055
0.912912912912913,0.763766610831836
0.913913913913914,0.889901316748162
0.914914914914915,0.942648646719939
0.915915915915916,0.772250979991558
0.916916916916917,0.818952895003
0.917917917917918,0.783427423801543
0.918918918918919,0.67116537038335
0.91991991991992,0.787988589665727
0.920920920920921,0.637988117727235
0.921921921921922,0.62541347763316
0.922922922922923,0.777595012128491
0.923923923923924,0.691275376270888
0.924924924924925,0.518520225187743
0.925925925925926,0.589644056348085
0.926926926926927,0.541840266971472
0.927927927927928,0.70905663105995
0.928928928928929,0.412194699058566
0.92992992992993,0.974486885506188
0.930930930930931,0.5552770974137
0.931931931931932,0.454041861256149
0.932932932932933,0.616343542512169
0.933933933933934,0.508087278935835
0.934934934934935,0.759029140739196
0.935935935935936,0.566536873259814
0.936936936936937,0.508560326583677
0.937937937937938,0.705089538038859
0.938938938938939,0.525453377966072
0.93993993993994,0.423509149985409
0.940940940940941,0.386530644740673
0.941941941941942,0.515551533359238
0.942942942942943,0.548857076047184
0.943943943943944,0.473891111627369
0.944944944944945,0.497724420990868
0.945945945945946,0.645929570944983
0.946946946946947,0.644698786898252
0.947947947947948,0.404229062908657
0.948948948948949,0.503550383974529
0.94994994994995,0.472310228721622
0.950950950950951,0.512318795183285
0.951951951951952,0.597728746950209
0.952952952952953,0.393976351325022
0.953953953953954,0.332332681622832
0.954954954954955,0.434634051122512
0.955955955955956,0.467448729881312
0.956956956956957,0.278938640934816
0.957957957957958,0.165518607199373
0.958958958958959,0.445725470835188
0.95995995995996,0.39953575469903
0.960960960960961,0.378226804668644
0.961961961961962,0.319891063889424
0.962962962962963,0.240612370428398
0.963963963963964,0.370127845350057
0.964964964964965,0.332196569110049
0.965965965965966,0.292079208095573
0.966966966966967,0.309380805688246
0.967967967967968,0.313135818433096
0.968968968968969,0.165790891886321
0.96996996996997,0.310643222067883
0.970970970970971,0.487770840642656
0.971971971971972,0.205974349682862
0.972972972972973,0.335558530195712
0.973973973973974,0.134717226072695
0.974974974974975,0.126618156381902
0.975975975975976,0.239127241889931
0.976976976976977,0.188892807481609
0.977977977977978,0.166249248578099
0.978978978978979,0.120952359132094
0.97997997997998,0.160379656209115
0.980980980980981,0.160488301334868
0.981981981981982,0.283901822185771
0.982982982982983,0.149411723871733
0.983983983983984,0.0335680753749421
0.984984984984985,-0.0663438187586531
0.985985985985986,0.0440414768054265
0.986986986986987,0.106010292657658
0.987987987987988,0.065883750029755
0.988988988988989,0.275884114007416
0.98998998998999,0.0803777569419821
0.990990990990991,0.177909844450378
0.991991991991992,-0.0721962506674784
0.992992992992993,0.0584613688882031
0.993993993993994,0.0170905888410459
0.994994994994995,0.0991365574938451
0.995995995995996,0.0918115196048959
0.996996996996997,0.102127452132411
0.997997997997998,-0.138968941292009
0.998998998998999,-0.0450784082048438
1,-0.013691388575103
